controller,scenario,seed,complete,failure,duration_s,progress_m,lateral_rmse_m,lateral_max_m,speed_rmse_mps,steady_speed_rmse_mps,min_clearance_m,steer_rate_rms_per_s,drive_rate_rms_per_s,drive_saturation_fraction,steer_saturation_fraction,stop_time_s,stop_distance_m,mpc_step_mean_ms,mpc_step_p95_ms,mpc_step_max_ms,mpc_over_budget,mpc_stops,mpc_stop_reasons,mpc_branches
mpc_known_delay,command_delay_100ms,101,True,,27.05,21.302129477740152,0.025687605770421333,0.1502168933991154,0.09204581148007424,0.0008252265611314154,0.2016454904353171,0.32095691783152663,0.11602726881707756,0.023985239852398525,0.0,,,5.106928047803111,5.972800077870488,7.86869996227324,0,0,,solved:542
mpc_known_delay,command_delay_100ms,202,True,,27.05,21.302129477740152,0.025687605770421333,0.1502168933991154,0.09204581148007424,0.0008252265611314154,0.2016454904353171,0.32095691783152663,0.11602726881707756,0.023985239852398525,0.0,,,5.501933761002888,6.97099999524653,9.769600117579103,0,0,,solved:542
mpc_known_delay,command_delay_100ms,303,True,,27.05,21.302129477740152,0.025687605770421333,0.1502168933991154,0.09204581148007424,0.0008252265611314154,0.2016454904353171,0.32095691783152663,0.11602726881707756,0.023985239852398525,0.0,,,5.12535461461742,6.025600014254451,8.042699890211225,0,0,,solved:542
mpc_N5,s_bend_12,101,True,,18.3,21.299452467698103,0.0398722389086763,0.2013717437387845,0.17368817085254218,0.0004776072168070881,0.13189667495765856,0.43569788722635283,0.1053653854118212,0.05994550408719346,0.0,,,3.974708997484611,5.28479996137321,6.84100016951561,0,0,,solved:367
mpc_N5,s_bend_12,202,True,,18.3,21.299452467698103,0.0398722389086763,0.2013717437387845,0.17368817085254218,0.0004776072168070881,0.13189667495765856,0.43569788722635283,0.1053653854118212,0.05994550408719346,0.0,,,3.7384275226455372,4.332399927079678,7.531600072979927,0,0,,solved:367
mpc_N5,s_bend_12,303,True,,18.3,21.299452467698103,0.0398722389086763,0.2013717437387845,0.17368817085254218,0.0004776072168070881,0.13189667495765856,0.43569788722635283,0.1053653854118212,0.05994550408719346,0.0,,,3.408614432500112,3.800200065597892,5.0305998884141445,0,0,,solved:367
mpc_N5,plant_mismatch,101,True,,28.05,21.285010238776646,0.03006669564152845,0.15015274590146485,0.09518496793460657,0.02703939909567454,0.20165134386171138,0.3435316060787697,0.07441333788904743,0.033807829181494664,0.0,,,3.453446086910404,3.974399995058775,6.294199964031577,0,0,,solved:562
mpc_N5,plant_mismatch,202,True,,28.05,21.285010238776646,0.03006669564152845,0.15015274590146485,0.09518496793460657,0.02703939909567454,0.20165134386171138,0.3435316060787697,0.07441333788904743,0.033807829181494664,0.0,,,3.417596262399094,3.965799929574132,5.4471001494675875,0,0,,solved:562
mpc_N5,plant_mismatch,303,True,,28.05,21.285010238776646,0.03006669564152845,0.15015274590146485,0.09518496793460657,0.02703939909567454,0.20165134386171138,0.3435316060787697,0.07441333788904743,0.033807829181494664,0.0,,,3.451596613678405,3.9643000345677137,5.307500017806888,0,0,,solved:562
mpc_N20,s_bend_12,101,True,,18.3,21.314152754231174,0.04022966705152708,0.20137174373507088,0.17369120626816617,0.0012237519711230365,0.13189667495765856,0.41629381915432423,0.10536151839494214,0.05994550408719346,0.0,,,9.556417171373882,11.18790009059012,14.853999949991703,0,0,,solved:367
mpc_N20,s_bend_12,202,True,,18.3,21.314152754231174,0.04022966705152708,0.20137174373507088,0.17369120626816617,0.0012237519711230365,0.13189667495765856,0.41629381915432423,0.10536151839494214,0.05994550408719346,0.0,,,9.687605449087329,11.260399827733636,18.08139984495938,0,0,,solved:367
mpc_N20,s_bend_12,303,True,,18.3,21.314152754231174,0.04022966705152708,0.20137174373507088,0.17369120626816617,0.0012237519711230365,0.13189667495765856,0.41629381915432423,0.10536151839494214,0.05994550408719346,0.0,,,9.778685291102335,11.04240003041923,13.271600008010864,0,0,,solved:367
mpc_N20,plant_mismatch,101,True,,28.05,21.29481641215427,0.030981995698348253,0.15016823375134639,0.09503959586214702,0.026454483998914025,0.20165134386182718,0.3338837519342879,0.07409657744349017,0.033807829181494664,0.0,,,8.913618683138882,10.095299920067191,13.800899963825941,0,0,,solved:562
mpc_N20,plant_mismatch,202,True,,28.05,21.29481641215427,0.030981995698348253,0.15016823375134639,0.09503959586214702,0.026454483998914025,0.20165134386182718,0.3338837519342879,0.07409657744349017,0.033807829181494664,0.0,,,8.739473311034995,9.786800015717745,12.440899852663279,0,0,,solved:562
mpc_N20,plant_mismatch,303,True,,28.05,21.29481641215427,0.030981995698348253,0.15016823375134639,0.09503959586214702,0.026454483998914025,0.20165134386182718,0.3338837519342879,0.07409657744349017,0.033807829181494664,0.0,,,8.936183272738315,10.277800029143691,13.237599981948733,0,0,,solved:562
