stage,score,q_v,r_drive,r_ddrive,mpc_stops,q_ey,q_epsi,r_ddelta
speed,0.6008871665623712,3.0,0.3,0.5,0,,,
speed,0.6018812278669698,3.0,0.3,2.0,0,,,
speed,0.6051441454755936,3.0,0.3,8.0,0,,,
speed,0.602494344901511,3.0,1.0,0.5,0,,,
speed,0.6034980769766656,3.0,1.0,2.0,0,,,
speed,0.6069068793847008,3.0,1.0,8.0,0,,,
speed,0.6075814979491682,3.0,3.0,0.5,0,,,
speed,0.6087384214941801,3.0,3.0,2.0,0,,,
speed,0.6120464522199001,3.0,3.0,8.0,0,,,
speed,0.6000767832379023,10.0,0.3,0.5,0,,,
speed,0.6005714837465785,10.0,0.3,2.0,0,,,
speed,0.6016529573077388,10.0,0.3,8.0,0,,,
speed,0.6004622628839967,10.0,1.0,0.5,0,,,
speed,0.6009904189369517,10.0,1.0,2.0,0,,,
speed,0.6021222540178899,10.0,1.0,8.0,0,,,
speed,0.6018145645556687,10.0,3.0,0.5,0,,,
speed,0.6023563640300384,10.0,3.0,2.0,0,,,
speed,0.6035513570238324,10.0,3.0,8.0,0,,,
speed,0.5998870171571364,30.0,0.3,0.5,0,,,
speed,0.600046239372948,30.0,0.3,2.0,0,,,
speed,0.6006355458143746,30.0,0.3,8.0,0,,,
speed,0.5999734050638543,30.0,1.0,0.5,0,,,
speed,0.6001561842896269,30.0,1.0,2.0,0,,,
speed,0.6007701112124353,30.0,1.0,8.0,0,,,
speed,0.6002997220062867,30.0,3.0,0.5,0,,,
speed,0.6005312447453645,30.0,3.0,2.0,0,,,
speed,0.6011808667002932,30.0,3.0,8.0,0,,,
lateral,0.08323259695701023,30.0,0.3,0.5,0,10.0,2.0,0.5
lateral,0.08426499785087244,30.0,0.3,0.5,0,10.0,2.0,2.0
lateral,0.08661831912493244,30.0,0.3,0.5,0,10.0,2.0,8.0
lateral,0.08728558663378284,30.0,0.3,0.5,0,10.0,5.0,0.5
lateral,0.0885155011179423,30.0,0.3,0.5,0,10.0,5.0,2.0
lateral,0.09118384553373217,30.0,0.3,0.5,0,10.0,5.0,8.0
lateral,0.09413420392247702,30.0,0.3,0.5,0,10.0,10.0,0.5
lateral,0.09567646177643567,30.0,0.3,0.5,0,10.0,10.0,2.0
lateral,0.09871633653404159,30.0,0.3,0.5,0,10.0,10.0,8.0
lateral,0.08002025695102924,30.0,0.3,0.5,0,20.0,2.0,0.5
lateral,0.08078927077808755,30.0,0.3,0.5,0,20.0,2.0,2.0
lateral,0.08255020055322644,30.0,0.3,0.5,0,20.0,2.0,8.0
lateral,0.08183067291851784,30.0,0.3,0.5,0,20.0,5.0,0.5
lateral,0.08263833527314313,30.0,0.3,0.5,0,20.0,5.0,2.0
lateral,0.08442920783408393,30.0,0.3,0.5,0,20.0,5.0,8.0
lateral,0.08530318983500985,30.0,0.3,0.5,0,20.0,10.0,0.5
lateral,0.0862728830803417,30.0,0.3,0.5,0,20.0,10.0,2.0
lateral,0.08824641600382256,30.0,0.3,0.5,0,20.0,10.0,8.0
lateral,0.07825159135277458,30.0,0.3,0.5,0,40.0,2.0,0.5
lateral,0.07868170119679994,30.0,0.3,0.5,0,40.0,2.0,2.0
lateral,0.07996097638726757,30.0,0.3,0.5,0,40.0,2.0,8.0
lateral,0.0791195651645388,30.0,0.3,0.5,0,40.0,5.0,0.5
lateral,0.07958803700686266,30.0,0.3,0.5,0,40.0,5.0,2.0
lateral,0.08077988168465565,30.0,0.3,0.5,0,40.0,5.0,8.0
lateral,0.08079027631185594,30.0,0.3,0.5,0,40.0,10.0,0.5
lateral,0.0812850648841587,30.0,0.3,0.5,0,40.0,10.0,2.0
lateral,0.08249922834483393,30.0,0.3,0.5,0,40.0,10.0,8.0
