path,bytes,sha256
evidence/README.md,1681,30ab5ca6f21d043b8730cc91cad469b23b0f6f34930f4bd59838fbdcd5334a2f
evidence/newcar-27-20261006/REPORT.md,3929,23ef4c26dbc82e90573984a1578240c759580f71c9adccad78054f2c21c3eb98
evidence/newcar-27-20261006/control-candidate.patch,9365,656fe5a35476f5121c3ad60dc799dbff0e2fa49751e6f2141c44c1f5343e8eed
evidence/newcar-27-20261006/newcar-test-evidence/attempt1-result.json,3279,9494b155a377dd75b48297e35e800a75b8c39eaf415e386bc6a56d67ec2de592
evidence/newcar-27-20261006/newcar-test-evidence/attempt1.jsonl,42413,8f760986df5779a879ce3860a6935502af0ebda08d3183d5fad0958cbfd0249b
evidence/newcar-27-20261006/newcar-test-evidence/attempt2-result.json,3151,cad8989567bc0704da47dcdacfbdb7e793df67d510f12dd841bfe2c1962b7f94
evidence/newcar-27-20261006/newcar-test-evidence/attempt2.jsonl,117468,3927fc1c1593da69c5c58d892781770cc9db2fba7f4459c76a04ad5ae7855cec
evidence/newcar-27-20261006/newcar-test-evidence/attempt3-result.json,3230,ca83d8403ac9e2ce52907e09aa5c2ba154ec5d8f780b2422a487aa06df231e70
evidence/newcar-27-20261006/newcar-test-evidence/attempt3.jsonl,94998,ced48f4fe058482f16f70ebdf58743a76ce457ac32eeeed2129f965fb5d4f8a8
evidence/newcar-27-20261006/newcar-test-evidence/attempt4-result.json,3140,98b88e887c957be230f6ad1735a1f9865c17cfeacd0d2b7b7ab7fc12718a64a5
evidence/newcar-27-20261006/newcar-test-evidence/attempt4.jsonl,58728,72f50c8ef18f271799aa5a061ad098c56458b0b78a8be6cc8493e8e5e6f8ac7b
evidence/newcar-27-20261006/newcar-test-evidence/attempt5-success-result.json,3633,c7db3f46597830e0ca23f0145ce5190b27a68598e24ebc45f398fe2277bbf6ed
evidence/newcar-27-20261006/newcar-test-evidence/attempt5-success.jsonl,179761,7ee49e7257f1c5385e5036d3d3f27651afc277ed068b2407e8b04b506cc822b5
evidence/newcar-27-20261006/newcar-test-evidence/attempt6-confirmed-motion-result.json,3423,0fa12050b08f113f730bdced80c75fbba83c9766a588fe2602069126d04dc962
evidence/newcar-27-20261006/newcar-test-evidence/attempt6-confirmed-motion.jsonl,160180,50b1b2bdbedd137ce354d66c193a84de75a2a51f7f55e99777993c4b3ba640f4
evidence/newcar-27-20261006/newcar-test-evidence/compensated-curvature-stop-result.json,3481,557e87f96e861f36fc65a6f4f2c4bceb194062c117a89b78b599733dfb8c9037
evidence/newcar-27-20261006/newcar-test-evidence/compensated-curvature-stop.jsonl,117651,3fa410dc8f5621a22e1c5abbb78fb0e560a458a11158815fef4908d178b255b8
evidence/newcar-27-20261006/newcar-test-evidence/compensated-repeat-result.json,3495,3129909a95ad8db286ce9a809d738059650178e70088999cfc50d6ab244c4361
evidence/newcar-27-20261006/newcar-test-evidence/compensated-repeat.jsonl,167952,749650a3292a191a75e9600e62d6254f5b99c0a5fe46dce890c04c16abf13290
evidence/newcar-27-20261006/newcar-test-evidence/compensated-start-coverage-result.json,2956,0337a725bdafbfafebdc3a83f818ba9130edfcce3c7e7c08a10d4ac92ffaa329
evidence/newcar-27-20261006/newcar-test-evidence/compensated-start-coverage.jsonl,35030,409b923164afe8894f2debb4e708aaf7521b62a271108fbfa4452f533332fdcc
evidence/newcar-27-20261006/newcar-test-evidence/confidence-probe.json,97990,8faec790ef616439fdac666a24da9c078cf824cb0df577ca4d224a4db8d8c701
evidence/newcar-27-20261006/newcar-test-evidence/confidence-replay-summary.json,361,82a0bfdaa108f2da8e2d0d2ff9e5b36187566f621c0caed2115e351438f4080a
evidence/newcar-27-20261006/newcar-test-evidence/confidence85-coverage-result.json,3419,920cc42df2a31ba04673cc95fb3248e78757664440e29e699e725fd26108ee26
evidence/newcar-27-20261006/newcar-test-evidence/confidence85-coverage.jsonl,92196,5bd1edc1e87f436376d86933a5546a95ad18f8b27763128d89591f5c41bdf283
evidence/newcar-27-20261006/newcar-test-evidence/confidence85-imu-refused-result.json,3195,44c965466f1dcb56010bd786e2519c599ec957f7e85e3c84208fb68333cb3a37
evidence/newcar-27-20261006/newcar-test-evidence/confidence85-imu-refused.jsonl,79101,65908f7167616b39dd321c4c28d34fa5c7f17bbd6cfda663e97296a6af8b785d
evidence/newcar-27-20261006/newcar-test-evidence/confirmed-result.json,3502,9964fce8a22963196a59cf59642db322d896b3053181592a49b92366ccec355a
evidence/newcar-27-20261006/newcar-test-evidence/control-fast-gate.exit,2,9a271f2a916b0b6ee6cecb2426f0b3206ef074578be55d9bc94f6f3fe3ab86aa
evidence/newcar-27-20261006/newcar-test-evidence/control-fast-gate.log,115065,3660d5fdba3d2fbcb79aeb4dbba57d5b647b3f97a81fc0654677468231f2f444
evidence/newcar-27-20261006/newcar-test-evidence/deployed-config.yaml,14122,80ca460f053b29f8e70a5050b47802f28dd0c3911afe505f2b640d599d058fcd
evidence/newcar-27-20261006/newcar-test-evidence/deployed-hashes.txt,305,0b171bdd9203bc295525d553641f1ff86d3f849af0de605de71ebe8fe94db6dd
evidence/newcar-27-20261006/newcar-test-evidence/dry-fit-pass-result.json,757,095c43888df58a95cba5c14c67a65be2669135411207724555bb89f2b508a55d
evidence/newcar-27-20261006/newcar-test-evidence/dry-fit-pass.jsonl,51021,73e44af840e4c59f1729c1227860ab5eba1fa7d5a0d516a151e1f0eac6561f26
evidence/newcar-27-20261006/newcar-test-evidence/dry-pass-result.json,756,2f995c2a2c16ce3d323eef5e44e2039885e255188745d84a8e5b0a8a605e17b2
evidence/newcar-27-20261006/newcar-test-evidence/dry-pass.jsonl,47072,dbc7fc38087fa104018cde767d532bff9f50058a66a8f4b01ffbfa9267da75c9
evidence/newcar-27-20261006/newcar-test-evidence/dry-steering-diag-result.json,756,ff4b5be813013288e7f3f87c67cc14413ea4143431e1cb55e79044445f308a1e
evidence/newcar-27-20261006/newcar-test-evidence/dry-steering-diag.jsonl,44675,43ec7d55aeeb1b07247127dd401a9eededd9a46d854666e39745e9d3fe828a16
evidence/newcar-27-20261006/newcar-test-evidence/extended-2m-result.json,3302,067949547fc567db0172ab8b855a2ce8e0e025887dece3ef023b729c391456c0
evidence/newcar-27-20261006/newcar-test-evidence/extended-2m.jsonl,268094,591c21b00a7fdd5b478c1eed7aba8cd9b56f83027b2fb7fd62b80981486d4148
evidence/newcar-27-20261006/newcar-test-evidence/extended-boundary-replay.json,23053,c69efc0f23c0960379e91da1a22278ebfdeb38d7da719fe3b842f1869065c164
evidence/newcar-27-20261006/newcar-test-evidence/extended-curvature.jsonl,1000161,1a4090852b0fbb2d4fe1d75893eedbc2e21482758815cf9cada04e023ee50b7b
evidence/newcar-27-20261006/newcar-test-evidence/final-stop-check.json,335,c1517f2c43ac929f81a92cd5a120f3d1fa06b7f1b1916712948d35977f2f0619
evidence/newcar-27-20261006/newcar-test-evidence/geometry-check.jsonl,1163,97e7377d90bd62720deb058ef1c5c299e72a6f8c7fc834b9518976621cebefdb
evidence/newcar-27-20261006/newcar-test-evidence/idle-actuation-probe.jsonl,69031,8eb03c5165bc61cb366a6e51f96225c552001e818d71d3be0956090d93f684cb
evidence/newcar-27-20261006/newcar-test-evidence/main-3m-before-steering-fix-result.json,3081,7b1c3c9ba0d5959faec83a9786d749e4234f7e365651a65d750360046c63032f
evidence/newcar-27-20261006/newcar-test-evidence/main-3m-before-steering-fix.jsonl,215205,7ac84e01d0de0a03891f18a6c25936ee8e4f8cb44e9a2336e3ed17a98ebcd090
evidence/newcar-27-20261006/newcar-test-evidence/main-3m-result.json,3419,920cc42df2a31ba04673cc95fb3248e78757664440e29e699e725fd26108ee26
evidence/newcar-27-20261006/newcar-test-evidence/main-3m-run.jsonl,92196,5bd1edc1e87f436376d86933a5546a95ad18f8b27763128d89591f5c41bdf283
evidence/newcar-27-20261006/newcar-test-evidence/main-3m-steering-fix-attempt1-result.json,3477,56eb87f8bf6e24293aa4b7c095cfca19f14a740fa642c95ca57a1304d01714c3
evidence/newcar-27-20261006/newcar-test-evidence/main-3m-steering-fix-attempt1.jsonl,275415,3c83f95ecbc7657dec2cc703c32c6e95f8f728cf92d6aabbb88f187168cfb5c1
evidence/newcar-27-20261006/newcar-test-evidence/mvp-run-result.json,3423,0fa12050b08f113f730bdced80c75fbba83c9766a588fe2602069126d04dc962
evidence/newcar-27-20261006/newcar-test-evidence/mvp-run.jsonl,160180,50b1b2bdbedd137ce354d66c193a84de75a2a51f7f55e99777993c4b3ba640f4
evidence/newcar-27-20261006/newcar-test-evidence/onsite-feedback.json,202,a483836365f3e0a5ad8f387f0c6badbd46362fe1e37eadc3b193d960ad0ac56e
evidence/newcar-27-20261006/newcar-test-evidence/policy-logs.txt,2404,298692aafad372a4ba8fb4f3d7b8187eeb7dbaa6c98586484f03bbc747ca2092
evidence/newcar-27-20261006/newcar-test-evidence/post-repeat-stop.json,220,2fb01c13961b1657916cae0c76e928d1bcc6cf331c935e3780985fbeed4e378a
evidence/newcar-27-20261006/newcar-test-evidence/post-test-stop.json,376,434b0882fa667eb0f261bb224a170001a3e1abb7df39146b57bace340f57fd03
evidence/newcar-27-20261006/newcar-test-evidence/record_newcar_curvature.py,1503,232d36b0d646ca68c421f07a6fe176908817af3b21851c4802013611ffee8bb4
evidence/newcar-27-20261006/newcar-test-evidence/runtime-status.txt,605,9025272711bedf7fcbd97b959b618ea6846f342c2a8a357358b13ba252e1efe8
evidence/newcar-27-20261006/newcar-test-evidence/static-curvature-probe.json,2319,d6cca0cd89c746bff61331db7b2652c944779acb71f17492f68355db8fcaa821
evidence/newcar-27-20261006/newcar-test-evidence/steering-sign-result.json,2532,d351c1b4b5e446d08946614e0d2930796d632286cda9aa32d366b25ccb5f8413
evidence/newcar-27-20261006/newcar-test-evidence/steering-sign-test.jsonl,144567,7e193b5c57a911cfde39b4aeaf11b3bb342f892d6a2f2d1d8c189b5ef8cb5f8b
evidence/newcar-27-20261006/newcar-test-evidence/student-before-status.txt,732,9ba79fe2cbf519a902cc92923405f7238c4a99e1e1bae74700fb83b738cc5922
evidence/newcar-27-20261006/newcar-test-evidence/vehicle-logs.txt,364,906f9e5d27cfa90da0399e3f8bacb513926dc2aa74fddc900b9b7998b8ce6c32
evidence/runner-fix-20261006/REPORT.md,3499,8940c4e7e973a2e6181f53aaa7fec079e66574ea1a18b9df70e631e554d6b36f
evidence/runner-fix-20261006/after-profile-cpu.json,14824,6db77fced767285fbe838ee827c63829c5104e3fb857225a7a12e0bb450c82cd
evidence/runner-fix-20261006/after-runner.pstats,115989,0229371d91bba64c95ac8d1d8bc6ed1f0d518c42016a65b05f8c2ae60d5f12d0
evidence/runner-fix-20261006/after-runner.txt,4624,da4c0d0be76a2ddb79575757e7ae9cb2e0cdac441f9b8a8175e7eee2bf2a4a8d
evidence/runner-fix-20261006/after-scan.pstats,6974,2d1bdb4f996c4d5fa7df070895ec21f13c026b2546e9a938844989378822ed35
evidence/runner-fix-20261006/after-scan.txt,4501,3bcdab5d73b6a44463a1ce4ffcebc0261a7d33da53d54f283e096dfd0ed2f7cc
evidence/runner-fix-20261006/after-services-cpu.json,33502,d8fde1f008c6c90c5a3254e3ebd5b8f8f24219d10ee00af75f446b440612c280
evidence/runner-fix-20261006/after-unprofiled-cpu.json,12186,2d8133f95b9934206b658cfddedf48bf2267596f4c2d1a04141b44ff4154dbde
evidence/runner-fix-20261006/before-profile-cpu.json,14823,574239715becb69abe8179dbf6382b3e9478f8573179286538ae719af3ca68aa
evidence/runner-fix-20261006/before-runner.pstats,115877,931d4527aa523e6f386683f1c8ad227ead419e909177ae56dabaf0966382b5af
evidence/runner-fix-20261006/before-runner.txt,4643,b6b34fdb5785e56a605efc4551eb4dc288ecdda294af1f5e31e9f92c7f381907
evidence/runner-fix-20261006/before-scan.pstats,6853,19a469214a9b9c803199cf063ed11e9606cce26e501b5b8a7098dbc304ba8909
evidence/runner-fix-20261006/before-scan.txt,4606,7834dbef1cdf8c63e1191a319d91db83878de63a8aecdf145e811d311eb5b36b
evidence/runner-fix-20261006/before-unprofiled-cpu.json,9501,6992bcb19de306e6f648ad12395edc1750e5306a29813165355e9e10da5f05e9
evidence/runner-fix-20261006/deployed-sha256.txt,126,73113f52d95f12fb0d187c2b56fa009e9ae05cd3b0adbabf2a5fe83693b7e978
evidence/runner-fix-20261006/final-services-cpu.json,41985,93502c5a1ac9582872159e06c2ada1134707e9c4b2f363904fa9716143cb8254
evidence/runner-fix-20261006/mvp-run-result.json,840,6191c139805c105849191f14cc12ea003a2a6f66d12f77eb27712a393803317d
evidence/runner-fix-20261006/mvp-run.jsonl,19053,4ddacaa1ef5b67d7dde5b3bacd104cf657d56c4dc676876dace6d4d393cacfc8
evidence/runner-fix-20261006/policy-after-run.log,1690,d7eb235214bfb82cc8729b4a56911d6ffeb088e605ec8dd8811a3847904dd4a0
evidence/runner-fix-20261006/policy-runtime.log,2230,30043198151790edec4cd7813daf50175a521e9642bf06613955d39cd595e907
evidence/runner-fix-20261006/profile_scan.py,1203,ab48781705e9375e3f5ed48ce7bae01e85d8c2a340abec09e5df576b1d30093e
evidence/runner-fix-20261006/runner-tests.log,98,3e256196c9cf901a3d1fcc1ec7ff4a77578bd97253e3c809583c0c14d49f2d8c
evidence/runner-fix-20261006/runtime-status.txt,504,9b7ef0f5c694a32f83a890f05ae2db869c149c7e0423d654761f23e9eb1c6ace
evidence/runner-fix-20261006/sample_cpu.py,1765,02fd29d38110873a4f25f5b1d7af0c3a03f55e2dffde869cf5fd2d83fabba38e
evidence/runner-fix-20261006/scan-benchmark.json,129,e9e4b7f6ce6c753c6e2d808c3324f9fcbc031ba09928c6922ff4002040d6b8f5
evidence/runner-fix-20261006/services-diagnostics-summary.json,1207,0e5d5e7b711379da43704817ed663dc05b31b81b76d4cd72b0e2795ce38fc1d0
evidence/runner-fix-20261006/services-final-summary.json,1379,0a48b9509130d013481eb5f6d7a9c26b884f6ab4f9418994f9d1eb953e35c8d5
evidence/runner-fix-20261006/verify-fast-first-draft.log,4840,0e6e870d93fbb48c5a40c4a94d1090ef440f5973e4265b3898340f8cbdca34a7
evidence/runner-fix-20261006/verify-fast.log,4191,74e74b79bd31b3f9a5906afbb8190d9db0c24ce9bfea0866b9ee9b1c27cb54ac
evidence/timing-fix-20261006/config.patch,2610,b3c2072fb398efe3542e635804eaaeb422ced92f64cb98c209870cad56e52721
evidence/timing-fix-20261006/dry-curvature-failure.json,794,da58d6f907714eaf2d5a501814e8d9c70952d69db3e9c6f44a08d228a0e56749
evidence/timing-fix-20261006/dry-managed-pass.json,759,141b789ce388d64eb8ea324c8ef3fb97547e86d1af395657736833e38b004ba0
evidence/timing-fix-20261006/dry-managed-pass.jsonl,124455,2b2cb9c38b2b18f8ee07640cdc6fef041501f6d5160a13771a8e244c9f93fdaa
evidence/timing-fix-20261006/dry-profile-pass.json,759,a108504155ae3aa217cb84dde4cf1f0bc5d80cc39c280a631362ce48e92c4b78
evidence/timing-fix-20261006/dry-profile-pass.jsonl,113700,6d96a30187e9242947af82bf69f8f195323326c36a3efc85f6825740224c683b
evidence/timing-fix-20261006/final-runtime-status.txt,504,9b7ef0f5c694a32f83a890f05ae2db869c149c7e0423d654761f23e9eb1c6ace
evidence/timing-fix-20261006/manual-drive.jsonl,73969,3c2b5b257e3b1827cfce257d896ff43ab9e5aad2a33227440db30a900aa70ee8
evidence/timing-fix-20261006/mvp-run-result.json,734,c0c0d9f658e5c69cb9190d0f7b8b97515a6676a4f8fe13f34b0057aa0e2ca2cb
evidence/timing-fix-20261006/mvp-run.jsonl,11460,b1f1396f59d6b6b99e066f95d78451233f99a3d2a84920f94fbdf2a368d0548e
evidence/timing-fix-20261006/policy-runtime.log,2165,c410b6786567dd375fbc9a91db23d21158eb62f2cfee2205b628d9051c2601a3
evidence/timing-fix-20261006/policy-timing.jsonl,377596,85c74b73c3f9dfccbdc4d29a646acf32fd5d72d08bd8668325c7fc3580e7a07a
evidence/timing-fix-20261006/policy_timing_probe.py,1410,0677a8192b8dca23306f03dbae30e65d90c71a50486fbfb80ecbc71bd8f10d7f
evidence/timing-fix-20261006/probe-console.log,1547,bbb720b6ee84919b6800fdafe357869a0161dd1baeb9049d7b8ab1241463b476
evidence/timing-fix-20261006/real-drive015-full-result.json,2994,6def59cd90e9518b54344a094dfce1a915954b8fa7a240a019ec7ef12764600d
evidence/timing-fix-20261006/real-drive015-full.jsonl,134788,ac154edf863bc83f7bd664e6235d72f4cf17b177c8ba83235732173b83061e1e
evidence/timing-fix-20261006/real-drive015-result.json,759,35b46f2f01fe28d157be844f534a3f0d2b9b68b0badf2f70b7775eb432569456
evidence/timing-fix-20261006/real-drive015.jsonl,38812,18b4bf601ed389e747fc660110db23ef3e096d0e3d8f2982009d1f41c5fe41cb
evidence/timing-fix-20261006/real-drive025-result.json,2180,48d2833257500340adab9254fa998888b6204d61a2101aa191d95bec4fa39a4d
evidence/timing-fix-20261006/real-drive025.jsonl,41311,57eab432edeb23a0661cc2d563490fb109d547dde2b45842ca97d0f51b93c45d
