time_s,x_m,y_m,progress_m,lateral_error_m,heading_error_rad,speed_mps,target_speed_mps,drive,steer,clearance_m,reference_valid
0.0,0.0,0.15,0.0,0.15,0.08,0.0,0.8,0.35,-0.31067044891537954,0.20166512260332825,True
0.1,0.005830589283944426,0.15021605178584901,0.005830589283944426,0.15021605178584901,0.07814260610855484,0.1165156522564828,0.8,0.35,-0.3110212360200112,0.20198065390986994,True
0.2,0.023332967712253003,0.15003664926459753,0.023332967712253003,0.15003664926459753,0.06711807209716664,0.2321309077424949,0.8,0.35,-0.30142795697620295,0.20532569311335108,True
0.30000000000000004,0.052369749189606046,0.14883503164622644,0.052369749189606046,0.14883503164622644,0.04564497993469552,0.34597298800892656,0.8,0.35,-0.2796147349011084,0.212743310162223,True
0.4,0.09265076224170203,0.1463705853763942,0.09265076224170203,0.1463705853763942,0.017417241631044394,0.457222570737511,0.8,0.35,-0.248960448406715,0.22347571493817847,True
0.5,0.14380197947219497,0.1421121209261002,0.14380197947219497,0.1421121209261002,-0.015158741376807292,0.5651362598907855,0.8,0.3429010605594532,-0.21108179790327813,0.22840026674578,True
0.6000000000000001,0.2052506547762607,0.13561034657290053,0.2052506547762607,0.13561034657290053,-0.049193158656654315,0.6667474672554233,0.8,0.20864052221363485,-0.16820729023149517,0.22493639479074937,True
0.7000000000000001,0.2741992618045277,0.12691770142994824,0.2741992618045277,0.12691770142994824,-0.08069386771201585,0.7202455684100284,0.8,0.13852844649258605,-0.12445551437695512,0.22454896856540196,True
0.8,0.34700105410480836,0.11663788413588695,0.34700105410480836,0.11663788413588695,-0.10636372429278283,0.7484385977393564,0.8,0.1021518895671655,-0.08408708896712397,0.22753803158754077,True
0.9,0.4218021983923087,0.1053962818411525,0.4218021983923087,0.1053962818411525,-0.12515665911792667,0.7634373526323905,0.8,0.08334739155897426,-0.049110806775993346,0.23350689261248353,True
1.0,0.4976804289393203,0.0937182371196587,0.4976804289393203,0.0937182371196587,-0.13732891581522133,0.7715821473517912,0.8,0.07364975011070587,-0.02006276755758934,0.24180000563623155,True
1.1,0.574184438488115,0.08201301750175784,0.574184438488115,0.08201301750175784,-0.1436986088706852,0.7761682278820066,0.8,0.06865914369548397,0.0032653845373666235,0.2517435855334681,True
1.2000000000000002,0.6510954832648518,0.07058788351498628,0.6510954832648518,0.07058788351498628,-0.1452517072317401,0.7789019489463272,0.8,0.06609781726865538,0.021404923565814683,0.262740205588705,True
1.3,0.7283065693089337,0.05966691172607449,0.7283065693089337,0.05966691172607449,-0.14296175332978978,0.7806653962792054,0.8,0.06478906722587366,0.034998708738024666,0.2742931367595476,True
1.4000000000000001,0.805762427697231,0.04940751085522037,0.805762427697231,0.04940751085522037,-0.13771651271171484,0.7819143367384835,0.8,0.06412569037857524,0.04470208442335356,0.2860033444165907,True
1.5,0.8834304995212793,0.039913679659688714,0.8834304995212793,0.039913679659688714,-0.1302933298370448,0.78288438558521,0.8,0.06379455885804558,0.051138201254132376,0.2975581196104265,True
1.6,0.9612875294867103,0.03124660356723921,0.9612875294867103,0.03124660356723921,-0.12135560872715648,0.7836975602606789,0.8,0.06363426069674835,0.054878785997350826,0.3087185031288918,True
1.7000000000000002,1.039313849447666,0.023433306904882423,1.039313849447666,0.023433306904882423,-0.11145819805499256,0.7844172805282781,0.8,0.06356161549041286,0.05643684208288423,0.31930773491724795,True
1.8,1.1174913052230837,0.016473876343767242,1.1174913052230837,0.016473876343767242,-0.10105640867192238,0.785076738404949,0.8,0.0635337701587767,0.05626514115099998,0.3292011614497896,True
1.9000000000000001,1.1958027852829034,0.010347574512366262,1.1958027852829034,0.010347574512366262,-0.09051636616330913,0.7856935262543462,0.8,0.06352865559435983,0.05475769230593076,0.3383174861333906,True
2.0,1.2742323492174539,0.0050180341987011885,1.2742323492174539,0.0050180341987011885,-0.0801256429052492,0.7862771778101034,0.8,0.06353491274769349,0.05225283468883785,0.34661114806931537,True
2.1,1.3527654903506596,0.0004376535099680527,1.3527654903506596,0.0004376535099680527,-0.07010363867893823,0.7868330554147996,0.8,0.0635467007762308,0.04903723881992991,0.3540656473726953,True
2.2,1.4313893396875854,-0.003448720911879621,1.4313893396875854,-0.003448720911879621,-0.060611416673329255,0.787364353920909,0.8,0.06356102163242319,0.04535039407786269,0.35379024722151353,True
2.3000000000000003,1.510092752513177,-0.006700749336251586,1.510092752513177,-0.006700749336251586,-0.051760825584285935,0.7878731339607932,0.8,0.06357634153893774,0.04138930604174079,0.35310056060309614,True
2.4000000000000004,1.5888662803702753,-0.009380124932397099,1.5888662803702753,-0.009380124932397099,-0.0436228144949908,0.7883608550190525,0.8,0.06359188075623151,0.037313211831271564,0.3527869233794554,True
2.5,1.6677020550571235,-0.011548604486714256,1.6677020550571235,-0.011548604486714256,-0.03623489948620921,0.7888286507479586,0.8,0.06360724769088545,0.033248177501210625,0.3527740367048482,True
2.6,1.7465936165941949,-0.013266480159693384,1.7465936165941949,-0.013266480159693384,-0.029607778462567735,0.7892774714560884,0.8,0.06362225041213844,0.02929148221649209,0.3529960791243601,True
2.7,1.8255357139277792,-0.014591431500369064,1.8255357139277792,-0.014591431500369064,-0.023731117430378614,0.789708158141358,0.8,0.06363679956427956,0.02551572484890563,0.3533962843688319,True
2.8000000000000003,1.9045241007847353,-0.015577700760587527,1.9045241007847353,-0.015577700760587527,-0.018578549820309855,0.7901214812339641,0.8,0.06365085836059316,0.021972612453341242,0.3539263593985307,True
2.9000000000000004,1.983555342260872,-0.016275539091287202,1.983555342260872,-0.016275539091287202,-0.014111942295170042,0.7905181611360602,0.8,0.06366441682949496,0.018696408417889214,0.3545457996336265,True
3.0,2.062626641663722,-0.016730876168557906,2.062626641663722,-0.016730876168557906,-0.010284987399144378,0.7908988793611488,0.8,0.06367747855270205,0.015630096882085446,0.35522114767951196,True
3.1,2.14173568406495,-0.016986318188804524,2.14173568406495,-0.016986318188804524,-0.007053431067571404,0.7912642848085851,0.8,0.06369005383777605,0.01260740930176972,0.35592193957207263,True
3.2,2.220880513211542,-0.01708451391841146,2.220880513211542,-0.01708451391841146,-0.004393967964807039,0.7916149975101942,0.8,0.06370215620491178,0.009548152114658362,0.3566116884780399,True
3.3000000000000003,2.3000594686468334,-0.01707042467537457,2.3000594686468334,-0.01707042467537457,-0.002306460277085754,0.7919516110535864,0.8,0.06371380058094751,0.006457523673967723,0.35724488971447727,True
3.4000000000000004,2.3792711379840754,-0.016990384119646033,2.3792711379840754,-0.016990384119646033,-0.0007978124635292035,0.7922746943034542,0.8,0.06372500237292526,0.0033987676513230424,0.35777270538536576,True
3.5,2.45851428349992,-0.016890298427192127,2.45851428349992,-0.016890298427192127,0.00013154240838452022,0.792584792741676,0.8,0.06373577699491416,0.00018420029683867065,0.35807063455909316,True
3.6,2.5377877568623997,-0.016817866083704485,2.5377877568623997,-0.016817866083704485,0.00046945333636667675,0.792882429592279,0.8,0.06374613962853334,-0.002570526779244502,0.35804272005466786,True
3.7,2.61709041351946,-0.016815871488900794,2.61709041351946,-0.016815871488900794,0.00024416947285219644,0.7931681068175721,0.8,0.0637561051040686,-0.004918357512870517,0.35811161390455337,True
3.8000000000000003,2.6964210428618403,-0.01691494860781359,2.6964210428618403,-0.01691494860781359,-0.00046289112037753666,0.7934423060306651,0.8,0.06376568784389847,-0.0062244116394287625,0.3579475861261054,True
3.9000000000000004,2.7757783703830983,-0.017130717900708494,2.7757783703830983,-0.017130717900708494,-0.0015152451316487088,0.7937054893483877,0.8,0.06377490183818361,-0.007469551276203481,0.3574193979653607,True
4.0,2.8551611043137988,-0.017471564034807496,2.8551611043137988,-0.017471564034807496,-0.0028089470385193245,0.7939581001976799,0.8,0.06378376063731377,-0.008127379171191282,0.35669467292796797,True
4.1000000000000005,2.934567951130726,-0.017946872080994113,2.934567951130726,-0.017946872080994113,-0.004282876647914637,0.7942005640828577,0.8,0.06379227735309341,-0.00805990014762067,0.3557822638811099,True
4.2,3.0139977067179378,-0.018549903474147093,3.0139977067179378,-0.018549903474147093,-0.005813047743965071,0.7944332893182067,0.8,0.06380046466451239,-0.007200073974054834,0.35472574303355753,True
4.3,3.093449348309814,-0.01926063540938022,3.093449348309814,-0.01926063540938022,-0.0072559738726814225,0.7946566677288125,0.8,0.0638083348259355,-0.005506837605383378,0.35358764981828394,True
4.4,3.172922109114425,-0.02004582858279309,3.172922109114425,-0.02004582858279309,-0.008457826395449806,0.7948710753217139,0.8,0.06381589967657075,-0.0029704602090823836,0.3524466978266505,True
4.5,3.2524155096742544,-0.02085911807161104,3.2524155096742544,-0.02085911807161104,-0.009259857453616314,0.7950768729290122,0.8,0.06382317065061235,0.0004146551816208383,0.35139610258851994,True
4.6000000000000005,3.3319293223204047,-0.02164122174629677,3.3319293223204047,-0.02164122174629677,-0.009501760106838734,0.795274406824318,0.8,0.06383015878772508,0.0046466779923621596,0.3505424406383034,True
4.7,3.4114634503791144,-0.022319988741929007,3.4114634503791144,-0.022319988741929007,-0.009022764576748997,0.7954640093137574,0.8,0.06383687474368457,0.009708737459576096,0.3500053746466646,True
4.800000000000001,3.491017699114781,-0.02281070600209158,3.491017699114781,-0.02281070600209158,-0.007663760372002606,0.7956459993026586,0.8,0.06384332880106343,0.015564548048132534,0.3499168502566403,True
4.9,3.5705914218387296,-0.023016772674326672,3.5705914218387296,-0.023016772674326672,-0.005270546483112511,0.7958206828389672,0.8,0.06384953087989326,0.02214893417391002,0.35041961842965585,True
5.0,3.650183035211571,-0.02283085489175977,3.650183035211571,-0.02283085489175977,-0.0016983877327622662,0.7959883536343778,0.8,0.06385549054825577,0.02939184632350793,0.35166490447662435,True
5.1000000000000005,3.7297894138249803,-0.022136216400094038,3.7297894138249803,-0.022136216400094038,0.0031848087242575076,0.7961492935641193,0.8,0.06386121703277048,0.03740484306288335,0.351918530945203,True
5.2,3.809405153160381,-0.020805091674865904,3.809405153160381,-0.020805091674865904,0.009515276462495467,0.7963037731462912,0.8,0.06386671922895241,0.04572109404243257,0.3513745725983981,True
5.300000000000001,3.889021737239511,-0.01870389437173637,3.889021737239511,-0.01870389437173637,0.01739580535077398,0.7964520520016024,0.8,0.06387200571142058,0.05432217782773595,0.3511487249145716,True
5.4,3.968626815986473,-0.015699360827136865,3.968626815986473,-0.015699360827136865,0.02688339007510216,0.7965943792943306,0.8,0.06387708474394123,0.0630828705987207,0.35136240109598776,True
5.5,4.048203438178149,-0.01165604075590931,4.048012907399649,-0.012041779138157054,0.022017295532977516,0.7967309941552826,0.8,0.06388196428929153,0.07186374106276894,0.3564499087533268,True
5.6000000000000005,4.127729403437003,-0.006439605731807663,4.127379343272347,-0.009151691659162551,0.008369263315321715,0.7968621260875018,0.8,0.06388665201893448,0.08051878987695345,0.36336704391402064,True
5.7,4.207176779668558,8.061953608690543e-05,4.206854039890635,-0.0070647660662086845,-0.003653985816617897,0.7969879953554408,0.8,0.06389115532249343,0.08889833319971427,0.36685083703603427,True
5.800000000000001,4.2865116501243286,0.00802910153931707,4.28640732761137,-0.0056577953740162565,-0.014079013998853016,0.7971088133582788,0.8,0.0638954813170236,0.09685902865317675,0.36517326406780215,True
5.9,4.365694137932309,0.017521632901650715,4.366015711127936,-0.004814372424308438,-0.022962372544905504,0.7972247829880439,0.8,0.06389963685606981,0.1042751517102669,0.363399355191097,True
6.0,4.444678718058204,0.028663218668244252,4.445660968573412,-0.0044269720512173415,-0.030388156034140218,0.7973360989731652,0.8,0.06390362853851013,0.11104500337186195,0.361606845154143,True
6.1000000000000005,4.52341479486232,0.04154644690778336,4.525329249660276,-0.004398521049550179,-0.036463865552206015,0.7974429482080555,0.8,0.06390746271718031,0.11709430942762775,0.3598572022587868,True
6.2,4.601847502062434,0.05625037020924055,4.60501023148942,-0.004643456157822702,-0.041315310336700134,0.7975455100693012,0.8,0.06391114550727829,0.1223829448979184,0.35819605678570166,True
6.300000000000001,4.679918647729908,0.07283998933022268,4.684696372305278,-0.005088200967678196,-0.045080493532338256,0.7976439567190096,0.8,0.063914682794546,0.12690928486169986,0.35665442110055046,True
6.4,4.757567691161374,0.0913664489756984,4.764382289140206,-0.0056709635014630475,-0.04790251763379566,0.7977384533958418,0.8,0.06391808024323033,0.1307111470883289,0.35525081743349735,True
6.5,4.834732631960488,0.11186793430040584,4.844064267658939,-0.0063408648691000834,-0.04992196599443979,0.7978291586942377,0.8,0.0639213433038219,0.13385252085671392,0.3539941993596301,True
6.6000000000000005,4.91135074287507,0.13437102226527772,4.923739889875204,-0.007056636409080231,-0.05127035482281317,0.7979162248323152,0.8,0.06392447722057447,0.13640290087360135,0.3528869931298251,True
6.7,4.987359183153478,0.15889202310874168,5.00340774428315,-0.007785346881097053,-0.052066985746646144,0.7979997979089115,0.8,0.06392748703880491,0.13843140597222375,0.3519271418468362,True
6.800000000000001,5.062695531915932,0.1854381414367981,5.083067192429999,-0.008501329438435304,-0.05241828575278751,0.7980800181502082,0.8,0.063930377611977,0.1400050789609732,0.3511092585990906,True
6.9,5.137298223181142,0.21400856953540706,5.162718183201352,-0.009185188564029105,-0.05241804686885637,0.7981570201463671,0.8,0.06393315360857252,0.14121640169235736,0.35042546876005976,True
7.0,5.211106724614797,0.2445959369517352,5.242361128455213,-0.009822428162509902,-0.052144835402765044,0.7982309330785866,0.8,0.06393581951875005,0.14270072034715922,0.3498674774219801,True
7.1000000000000005,5.284058293447357,0.2771956642856906,5.3219972666266155,-0.010393521045974536,-0.05160767666016047,0.7983018809369679,0.8,0.06393837966079824,0.14492362857373894,0.34945222440284884,True
7.2,5.356082260216139,0.31181726444253655,5.401629272119294,-0.010861258215349605,-0.050710117610563155,0.798369982729568,0.8,0.06394083818738389,0.14801433169656747,0.3492449762310806,True
7.300000000000001,5.427097902756315,0.348483637879884,5.48126135585125,-0.011170443970610866,-0.0492988245662222,0.798435352682999,0.8,0.06394319909160058,0.15178489694929168,0.34934560285440214,True
7.4,5.497015356759257,0.3872243535183578,5.560899074356092,-0.011254150220570407,-0.04722627776570526,0.7984981004349161,0.8,0.06394546621282174,0.1557983443846256,0.3498642277013385,True
7.5,5.5657392105868615,0.42806600746008633,5.640548927926413,-0.011043629300556666,-0.04440534203335722,0.7985583312187278,0.8,0.06394764324236173,0.1594994783391467,0.35089553730801626,True
7.6000000000000005,5.63317411595205,0.4710222272012891,5.720217883051337,-0.010479408387589333,-0.04084435089169647,0.7986161460408433,0.8,0.06394973372894938,0.16236516128528738,0.3524974438166155,True
7.7,5.699231038038775,0.5160861027900482,5.7999130146343045,-0.009520621193193324,-0.03665596383514014,0.7986716418507609,0.8,0.0639517410840191,0.16398994048360918,0.35467896474192884,True
7.800000000000001,5.7638329456107265,0.5632263250089558,5.8796413585815674,-0.008151027317473743,-0.03204279492284379,0.7987249117042892,0.8,0.06395366858682218,0.16410976346309936,0.357398056842849,True
7.9,5.826919446252142,0.6123865764121346,5.959409915263729,-0.006381965684201097,-0.02727240978568124,0.798776044920179,0.8,0.06395551938936575,0.16261399387054457,0.3605656163089871,True
8.0,5.888450007360282,0.6634875143748044,6.039225683900153,-0.004252656781962559,-0.02264883062510248,0.7988251272304353,0.8,0.06395729652118073,0.15951689214912382,0.3640532748316075,True
8.1,5.948405590068175,0.7164305573132318,6.1190955903200805,-0.0018283999891913348,-0.01848507760779261,0.7988722409245645,0.8,0.06395900289392592,0.15493678759747823,0.36770320013636404,True
8.200000000000001,6.006788814510398,0.7711025670700948,6.199026197413962,0.0008025885971479292,-0.015081236600485548,0.7989174649880039,0.8,0.06396064130583065,0.14901679004603194,0.36973266888378065,True
8.3,6.063623260678863,0.8273803193951708,6.279023142604588,0.0035325400454795756,-0.012710911576502724,0.7989608752349682,0.8,0.06396221444598253,0.14188030239359622,0.36770251869062187,True
8.4,6.118952855429965,0.885133742527235,6.359090302444988,0.006236400359630664,-0.011620931325043937,0.7990025444359415,0.8,0.06396372489846332,0.13362797529460388,0.3653207010024846,True
8.5,6.172841357123654,0.9442282268431136,6.439228716100352,0.008773304054744064,-0.0120347698567983,0.7990425424400299,0.8,0.06396517514633779,0.12433553793855252,0.36266150769992456,True
8.6,6.225371805535323,1.0045263310465982,6.519435277527538,0.010987648677595257,-0.014156696762783194,0.7990809362923831,0.8,0.06396656757550039,0.11407625958354321,0.3598204783672656,True
8.700000000000001,6.27664575659092,1.0658891340798322,6.5997011976546975,0.012710134139322647,-0.018174306675114327,0.7991177903468859,0.8,0.06396790447838328,0.10289370058890893,0.3569130374460411,True
8.8,6.326782464075615,1.1281771083233114,6.680010238663379,0.013758621120076215,-0.024260698712689543,0.7991531663743101,0.8,0.0639691880575308,0.09080617663148989,0.35407344271127783,True
8.9,6.375918395136225,1.191250244347109,6.760336713416349,0.013938396663409819,-0.032579446597855166,0.79918712366611,0.8,0.06397042042904434,0.07783395809881925,0.3514535522440274,True
9.0,6.424206568717722,1.254967925868812,6.8406432576046745,0.013042613701905688,-0.04328624088804722,0.799219719134039,0.8,0.06397160362590142,0.0640133868245168,0.3492224749757553,True
9.1,6.471815359220541,1.3191887921952787,6.9208784218575445,0.010853384933998482,-0.05652630652844492,0.7992510074057557,0.8,0.06397273960115266,0.04941780296621772,0.34756688928995716,True
9.200000000000001,6.518926595548531,1.3837706485315124,7.000974194472646,0.007143753818109084,-0.0724289970178329,0.7992810409165808,0.8,0.06397383023100268,0.03414219489545282,0.3466913663015689,True
9.3,6.565733075910617,1.4485703044352565,7.08084361683903,0.001680417783676929,-0.09110136814828762,0.7993098699975616,0.8,0.06397487731777589,0.018305476977704422,0.3468182444558559,True
9.4,6.61243577940686,1.5134431761274147,7.160449816252649,-0.00565477836551843,-0.10007582881252985,0.7993375429599926,0.8,0.06397588259277294,0.0020715697886770834,0.3402977143093043,True
9.5,6.659240400210197,1.5782430211060152,7.2403551287229995,-0.012229094307253413,-0.07150247314740932,0.7993641061765354,0.8,0.06397684771902086,-0.014345310454711128,0.3418721635644,True
9.600000000000001,6.70635301191122,1.6428220652707972,7.320540928522458,-0.017054013131465724,-0.04594149462679176,0.7993896041590749,0.8,0.0639777742939211,-0.030671820023934537,0.344438052837336,True
9.700000000000001,6.753974933901166,1.7070316667847822,7.400917819175806,-0.020370947669447796,-0.023432207259711176,0.7994140796334441,0.8,0.06397866385179753,-0.04661043920797743,0.3477046388190538,True
9.8,6.802297282117358,1.7707234431737986,7.481416161503816,-0.022416212423328107,-0.003953794862746163,0.7994375736111436,0.8,0.06397951786634958,-0.061852982524833906,0.35141049059150453,True
9.9,6.851495831446177,1.833750708468989,7.561983565552628,-0.02341513955216867,0.012576945247008808,0.7994601254581769,0.8,0.0639803377530124,-0.0760983642877164,0.3478594922764295,True
10.0,6.901726340694126,1.8959703774921945,7.642581989282034,-0.023576654559321605,0.026305761019002172,0.7994817729611172,0.8,0.06398112487122892,-0.08908373448957077,0.34365468252781184,True
10.100000000000001,6.953120849813535,1.9572451462409741,7.723184752234395,-0.023088784420616577,0.03743577865765846,0.7995025523905197,0.8,0.06398188052663428,-0.10062065383157552,0.3408829657157868,True
10.200000000000001,7.0057855478707145,2.017445528547238,7.8037737553136335,-0.022115740135057536,0.046216281881339756,0.7995224985617828,0.8,0.06398260597315895,-0.11061809464675877,0.3392963828221418,True
10.3,7.059800506611357,2.076451350361657,7.8843371299321285,-0.02079694391588712,0.05292620992526875,0.7995416448935642,0.8,0.06398330241505122,-0.11908995597873169,0.3386663424993457,True
10.4,7.115221162720998,2.1341524510603844,7.964867422659983,-0.019247965125582734,0.05785412869695462,0.7995600234638486,0.8,0.06398397100882212,-0.12615178881187458,0.33878807782400766,True
10.5,7.172081223931991,2.1904484194669696,8.045360314351292,-0.017563149663325762,0.06127817728768803,0.7995776650637625,0.8,0.0639846128651169,-0.13194111003888634,0.3394832345266938,True
10.600000000000001,7.230395845601203,2.2452480002624875,8.12581373899149,-0.015818614347494042,0.06345374698453987,0.7995945992492263,0.8,0.06398522905051404,-0.13659791915435612,0.34059983114719083,True
10.700000000000001,7.290164225171815,2.2984688316725634,8.206227236100634,-0.014074517495496583,0.06461084678351803,0.7996108543905307,0.8,0.063985820589256,-0.14026040753184346,0.3420102288023872,True
10.8,7.351372002251586,2.3500371499353188,8.28660148368849,-0.01237713538582957,0.06495356690899767,0.7996264577199222,0.8,0.0639863884649125,-0.1430618278850253,0.34360880987890774,True
10.9,7.413993511128112,2.3998873742296416,8.366937964487466,-0.010760843058800054,0.06466062926949523,0.7996414353772758,0.8,0.06398693362198093,-0.14559483669075898,0.3453095506510217,True
11.0,7.477998314483221,2.447956023876196,8.447239190200454,-0.009257091811419047,0.06384144383287937,0.7996558124539337,0.8,0.06398745696742392,-0.1484877687417392,0.34704952328476185,True
11.100000000000001,7.543359970870505,2.494170499240574,8.52750938211474,-0.007908717633569387,0.06248818842228021,0.7996696130347826,0.8,0.06398795937214853,-0.15202574083539008,0.3487883351110169,True
11.200000000000001,7.610057491615993,2.5384443054009433,8.60775465656337,-0.006774739403412555,0.06050577503295773,0.7996828602386418,0.8,0.06398844167242715,-0.15610938742651306,0.3504947475822692,True
11.3,7.678070672610046,2.5806800865003687,8.687982670191781,-0.005925399811368591,0.057781412945412614,0.7996955762570286,0.8,0.06398890467126389,-0.16034934749474317,0.35213167838885634,True
11.4,7.747373381717395,2.620777427511483,8.768201999603322,-0.005432284923302837,0.05424952353972512,0.7997077823913669,0.8,0.06398934913970829,-0.16421414550496466,0.3536474015094652,True
11.5,7.817927523319709,2.6586427351193804,8.848421498227125,-0.005357150676366222,0.049933600662397826,0.799719499088702,0.8,0.06398977581811699,-0.16718774815186735,0.354974534943472,True
11.600000000000001,7.889679474306202,2.694198610189084,8.928649853183458,-0.005742428109873614,0.04495845490510208,0.799730745975981,0.8,0.06399018541736745,-0.16884466003105655,0.35603571617412044,True
11.700000000000001,7.962559414687195,2.727391250856793,9.008895421942773,-0.006604704198742126,0.03954032958940806,0.7997415418929571,0.8,0.06399057862002355,-0.16891287551547485,0.3567525798303525,True
11.8,8.036483137102248,2.7581952996835284,9.089166287212802,-0.00793135501120022,0.0339631007991254,0.7997519049237722,0.8,0.06399095608145602,-0.16728421612324745,0.35705562949399405,True
11.9,8.11135573535985,2.786615661368809,9.169470393404987,-0.009680406606755832,0.02854768389112139,0.7997618524272728,0.8,0.06399131843091883,-0.1639948852082468,0.3568930150553724,True
12.0,8.187076160604532,2.8126867234282193,9.24981557651912,-0.011782798988910041,0.023621758314289032,0.7997714010661071,0.8,0.0639916662725844,-0.1591833704880572,0.3562370638105058,True
12.100000000000001,8.263541762296535,2.836469718174212,9.330209348213165,-0.014146085433640111,0.019495511178665992,0.7997805668346558,0.8,0.06399200018653688,-0.15299724937104,0.3550878684546127,True
12.200000000000001,8.340651964336304,2.8580498143736985,9.41065836307422,-0.0166578761321843,0.016450406205350654,0.7997893650858405,0.8,0.06399232072972784,-0.1455756253700123,0.35347348669312106,True
12.3,8.418310881101588,2.8775338498636356,9.491167585192983,-0.01918820919073693,0.014738972642650394,0.799797810556857,0.8,0.06399262843689345,-0.13703454356864853,0.35144805151085867,True
12.4,8.496429203519172,2.8950483389390516,9.571739196494756,-0.021591391660619047,0.014587257590758407,0.7998059173938743,0.8,0.0639929238214367,-0.12746650099682572,0.3490896455004493,True
12.5,8.574925451230659,2.9107378323390902,9.65237126173034,-0.023707338455762027,0.016199089492901886,0.7998136991757445,0.8,0.06399320737627372,-0.11695463433877692,0.34649814267487483,True
12.600000000000001,8.653726748831536,2.9247633539349303,9.73305616354466,-0.02536278262414374,0.019758579230349294,0.7998211689367589,0.8,0.06399347957464803,-0.10553374865179033,0.3437937004660186,True
12.700000000000001,8.732769071098005,2.937301398857042,9.813778807974481,-0.02637193259120314,0.025435675216504555,0.7998283391884922,0.8,0.06399374087091196,-0.0932236143056105,0.341114920093852,True
12.8,8.811997035745623,2.9485435739722647,9.894514591010294,-0.026536569577537496,0.03339118345819442,0.7998352219407696,0.8,0.06399399170127737,-0.0800470181808957,0.338617770949064,True
12.9,8.891363452574284,2.958695913876349,9.975227141010546,-0.025646626869165152,0.043777636218073124,0.7998418287217927,0.8,0.06399423248453753,-0.06604459711351002,0.33647532873904507,True
13.0,8.970828571560718,2.967977808726448,10.055865884718447,-0.0234813573364042,0.056736564534311085,0.7998481705974574,0.8,0.06399446362275948,-0.05129371402135432,0.3348780579761953,True
13.100000000000001,9.050359018528093,2.976620300046944,10.136363553509888,-0.019811381063394064,0.07239253583318804,0.7998542581898975,0.8,0.06399468550194944,-0.035881557147563935,0.33403420991618427,True
13.200000000000001,9.129926355560201,2.984864109924777,10.216633778951293,-0.014401285888766938,0.09084830093451199,0.7998601016952833,0.8,0.06399489849269233,-0.019928050372308305,0.33416935262023617,True
13.3,9.20950529926739,2.992957515495925,10.296506389185199,-0.007072130140023809,0.1032784745683385,0.7998657109009062,0.8,0.06399510295076594,-0.003598569563141504,0.33797472408096235,True
13.4,9.289071744635613,3.001153361132758,10.376110200246195,-0.0002858388333145189,0.0745043476651934,0.7998710952015785,0.8,0.06399529921772998,0.012893743454760511,0.35295360640906115,True
13.5,9.368600683530802,3.009705245857054,10.456001415770746,0.004736901683390328,0.0487586466069646,0.7998762636153744,0.8,0.06399548762149321,0.029284766143375128,0.35593607600250066,True
13.600000000000001,9.448064178495347,3.0188629068911137,10.536089759623703,0.00823835049975009,0.02607766445804717,0.7998812247987402,0.8,0.06399566847685668,0.04528148882294502,0.3590599613359779,True
13.700000000000001,9.527429580434132,3.0288670874381056,10.616304775110374,0.010455692888347044,0.006439038190953136,0.7998859870609977,0.8,0.06399584208603643,0.06057781658770676,0.3626345173007922,True
13.8,9.606658182342608,3.0399443568668034,10.696593333490931,0.011615123165787458,-0.010241584041873308,0.7998905583782656,0.8,0.06399600873916536,0.07487534189689521,0.3603497351188161,True
13.9,9.685704500626905,3.0523021310104097,10.776916742563625,0.011926422425322712,-0.024110427274784157,0.7998949464068236,0.8,0.0639961687147748,0.08791477394106366,0.35594980471490734,True
14.0,9.764516270842012,3.066124440270132,10.857247767444893,0.011578516451322591,-0.035370642604745345,0.7998991584959386,0.8,0.06399632228025742,0.09951198995585164,0.3529967775072168,True
14.100000000000001,9.84303509495632,3.0815691434879526,10.937567855568588,0.01073662688098298,-0.0442708826075337,0.7999032017001783,0.8,0.06399646969231124,0.10957348626788735,0.35124168996502736,True
14.200000000000001,9.92119756403492,3.0987669237808824,11.01786478255977,0.009541266601907185,-0.051089100177531876,0.7999070827912288,0.8,0.06399661119736676,0.118109438003252,0.35045496601406056,True
14.3,9.998936594678955,3.1178220994079533,11.098130820828995,0.008109050621554105,-0.056113615247327164,0.7999108082692402,0.8,0.06399674703199637,0.125231943060798,0.3504306947633806,True
14.4,10.076182648547578,3.1388152095022472,11.17836143934376,0.006535261863095127,-0.05962287475124506,0.7999143843737154,0.8,0.06399687742330815,0.13107714798609427,0.3509893487630381,True
14.5,10.152864804687733,3.1618060452736363,11.258554406591635,0.00489682971744506,-0.06187314963456031,0.7999178170939633,0.8,0.06399700258932339,0.13578590064117932,0.3519777591634305,True
14.600000000000001,10.22891182002647,3.1868360616806943,11.338709134287923,0.003254637017102171,-0.0630952990907499,0.7999211121791318,0.8,0.06399712273933959,0.13949528686460042,0.3532672212733945,True
14.700000000000001,10.304253071581654,3.2139306091161224,11.418826202710683,0.001655604676335535,-0.0634943020886186,0.7999242751478391,0.8,0.0639972380742789,0.14233833514456293,0.35475114176681877,True
14.8,10.378819333181237,3.2431010693197733,11.498907019082123,0.00013465138795473294,-0.0632498844403604,0.7999273112974186,0.8,0.0639973487870226,0.14480595372712654,0.35634260651813954,True
14.9,10.452541350805495,3.27435211896519,11.57895392693273,-0.0012778687995040634,-0.06248215250062367,0.799930225712792,0.8,0.06399745506273222,0.14758242160802668,0.3554209260015312,True
15.0,10.525344798827296,3.3076948476294215,11.658970841564336,-0.002542040243843847,-0.061198622918093575,0.7999330232749884,0.8,0.06399755707915802,0.15099298850430146,0.35452731871203147,True
15.100000000000001,10.597146179161754,3.343152544818265,11.738963554803881,-0.0036013658575584323,-0.05930995711243819,0.7999357086693194,0.8,0.06399765500693545,0.15497392101012758,0.35401369239106206,True
15.200000000000001,10.66785288031367,3.3807554889296605,11.818939410767719,-0.0043873364726882864,-0.05670196559802243,0.7999382863932286,0.8,0.06399774900986883,0.1591646368897016,0.3539820930274997,True
15.3,10.737366274638642,3.4205315526588342,11.898906727336547,-0.00482891248842335,-0.05330151916752995,0.7999407607638245,0.8,0.06399783924520515,0.1630623388858482,0.3545255548682438,True
15.4,10.805586899097932,3.4624962849736205,11.978874185700672,-0.004863322450754335,-0.049118877095404974,0.7999431359251122,0.8,0.06399792586389556,0.1661464552366236,0.35570499764861113,True
15.5,10.872420601258938,3.5066449563606685,12.058850380919939,-0.004445621703243528,-0.04426351927676253,0.799945415854935,0.8,0.06399800901084768,0.16797597917221047,0.35753483917868867,True
15.600000000000001,10.937784726364306,3.5529476487588094,12.138843621106478,-0.00355578772925274,-0.03893791476440933,0.7999476043716369,0.8,0.06399808882516671,0.1682594040039802,0.3599773217572689,True
15.700000000000001,11.001613345852974,3.6013479441285265,12.218861960552708,-0.0022025040858836237,-0.03341596954880477,0.7999497051404594,0.8,0.0639981654403877,0.16686960485836252,0.36294458255214856,True
15.8,11.063860841929836,3.6517648606733624,12.29891333243569,-0.00042364030282266254,-0.028012136985741343,0.7999517216796797,0.8,0.06399823898469854,0.1638451217794918,0.3663068822892269,True
15.9,11.124503514053357,3.7040971782027414,12.37900560259487,0.0017160442924377384,-0.02304928227185654,0.7999536573665046,0.8,0.06399830958115336,0.15929775842537944,0.36647212787128036,True
16.0,11.183539727270169,3.758228516280032,12.459146384749268,0.004128401822824124,-0.01883535689587368,0.7999555154427271,0.8,0.06399837734787817,0.15336571501533244,0.3653000004550392,True
16.1,11.240989592551015,3.8140316496334994,12.539342548839354,0.0067048927962430754,-0.015653052227979858,0.7999572990201563,0.8,0.06399844239826792,0.14618767545950068,0.36366165385117255,True
16.2,11.29689429748922,3.871372087782668,12.619599445885997,0.009319123944200168,-0.0137572090921394,0.7999590110858293,0.8,0.06399850484117595,0.13788414416120814,0.3616069424509517,True
16.3,11.351315284603729,3.9301108671544647,12.69991987147193,0.011828846255873774,-0.013375682423877211,0.7999606545070146,0.8,0.06399856478109572,0.12857073738174118,0.35920987615638883,True
16.400000000000002,11.404333215830762,3.9901067742365486,12.780302791871584,0.014077692478282711,-0.01471174962288524,0.7999622320360146,0.8,0.06399862231833488,0.1183135869755227,0.3565666024768237,True
16.5,11.456047077278178,4.051217771483876,12.860741845296145,0.015896310604770002,-0.017948561811928165,0.7999637463147754,0.8,0.06399867754918319,0.10714189196867438,0.3537933866375695,True
16.6,11.506573837775067,4.11330142416381,12.941223613424754,0.017102514387244194,-0.02325709631148587,0.7999651998793121,0.8,0.06399873056607304,0.09507478042802837,0.3510245549403968,True
16.7,11.556048010885602,4.1762150483414695,13.021725656175226,0.017501468692758076,-0.030800305196038713,0.7999665951639561,0.8,0.06399878145773417,0.08213322548755451,0.348411573422855,True
16.8,11.604620864101827,4.239815752604111,13.102214314074306,0.016886266911303415,-0.04073307375545921,0.7999679345054322,0.8,0.0639988303093416,0.0683672553271178,0.34612303991469556,True
16.900000000000002,11.652459050634242,4.303960480744852,13.182642329970346,0.015039195810454636,-0.05319858499077079,0.7999692201467731,0.8,0.06399887720265805,0.05383318496577755,0.3443451148306949,True
17.0,11.699742797341669,4.368505892757194,13.26294638242279,0.011733535608928048,-0.06832454431370483,0.7999704542410753,0.8,0.06399892221617047,0.03860263644299035,0.3432815110721371,True
17.1,11.746663952331724,4.433307862820903,13.343044637380444,0.0067355668247881355,-0.08622057544351204,0.799971638855106,0.8,0.06399896542522104,0.02278652647152429,0.3431529745945946,True
17.2,11.793423361614341,4.498221038112399,13.422834519873092,-0.000192495024596015,-0.1069719533671264,0.7999727759727644,0.8,0.06399900690213348,0.0065415670296579504,0.3438118978186899,True
17.3,11.840227374789029,4.563098642905475,13.502620059471084,-0.007279729986324113,-0.07888037903698553,0.799973867498404,0.8,0.06399904671633372,-0.0099222940253556,0.34470576515757134,True
17.400000000000002,11.887283552710176,4.627792580518305,13.582710628057205,-0.01255322505846257,-0.05250542805210423,0.799974915260023,0.8,0.06399908493446586,-0.02635350347422353,0.34703208851757256,True
17.5,11.934795762377412,4.692153890957971,13.663011565455601,-0.016255105527604584,-0.029192106863671463,0.7999759210123251,0.8,0.06399912162050342,-0.042464216697523476,0.3501293274998517,True
17.6,11.98295895722319,4.756033608132104,13.743448420325198,-0.01862454659544997,-0.008932843679341218,0.7999768864396588,0.8,0.06399915683585665,-0.05794533185790856,0.35372742131321694,True
17.7,12.031953873428527,4.819284144218902,13.823964729391305,-0.019891025091379966,0.008342093787509164,0.7999778131588384,0.8,0.06399919063947489,-0.07249009606298852,0.3526357511727247,True
17.8,12.081942120030268,4.88176113890027,13.9045191622054,-0.020268645804807722,0.022765405449706178,0.7999787027218516,0.8,0.0639992230879454,-0.0858268423415759,0.3480030028678114,True
17.900000000000002,12.1330622330428,4.943325564368084,13.98508250684367,-0.019951424794764038,0.03452885927173266,0.7999795566184589,0.8,0.06399925423558764,-0.09775055182995859,0.34487004936432036,True
18.0,12.185427212918771,5.0038457608803775,14.06563480678863,-0.019110058621313278,0.043872992463308,0.7999803762786889,0.8,0.06399928413454428,-0.1081430486501873,0.34298412558498836,True
18.1,12.239123778049978,5.063199104870474,14.14616288413488,-0.01789044043721312,0.051072147152700254,0.7999811630752329,0.8,0.06399931283486866,-0.11698977802361313,0.34211071246043984,True
18.2,12.294213367123815,5.121272991650512,14.226658377949752,-0.01641404125132985,0.05641567987334239,0.7999819183257445,0.8,0.06399934038460779,-0.12439251775502456,0.3420382562298025,True
18.3,12.350734854343276,5.177964723424153,14.307116338310781,-0.014780304597370678,0.060186787563794586,0.7999826432950456,0.8,0.06399936682988344,-0.13048547700974011,0.3425813444605701,True
18.400000000000002,12.408707804143976,5.233180890994069,14.387534263200763,-0.013069731613099501,0.06264750263077767,0.7999833391972456,0.8,0.06399939221496874,-0.1354100150945024,0.3435813425773875,True
18.5,12.468135169941926,5.286837070454434,14.46791139736075,-0.011346274409332977,0.06403467543022956,0.799984007197774,0.8,0.06399941658236263,-0.1393054380980008,0.3449046114740969,True
18.6,12.529005756630987,5.3388575296339935,14.548248225800785,-0.00965947514429044,0.06455925272238026,0.7999846484153326,0.8,0.06399943997286063,-0.14230553550359867,0.34644014640596354,True
18.7,12.591296500722049,5.3891748591118365,14.628546108983215,-0.008046451829306987,0.06440654774995824,0.7999852639237692,0.8,0.06399946242562315,-0.14466749091139616,0.3480971988350816,True
18.8,12.654975829745906,5.437727954261558,14.708807148966159,-0.006535750816498109,0.0637246162985513,0.7999858547538758,0.8,0.06399948397824134,-0.14682188129458065,0.3498045606809063,True
18.900000000000002,12.720009098818448,5.4844564424949755,14.789034403023438,-0.005155186411749198,0.06259585852851579,0.799986421895115,0.8,0.06399950466679957,-0.14901689458382103,0.35151079202166013,True
19.0,12.78636180341151,5.529296184805673,14.869232045700782,-0.003937437275209148,0.06103757543719113,0.7999869662972773,0.8,0.0639995245259358,-0.15130942426235566,0.3531784338769296,True
19.1,12.853998402592682,5.572179732406915,14.949405203816323,-0.002919090106817807,0.05903805250424643,0.7999874888720714,0.8,0.06399954358889978,-0.15361463020171445,0.35477457242887067,True
19.200000000000003,12.92288004018428,5.613038880327442,15.0295597101433,-0.00213739482869851,0.05658837496100621,0.7999879904946516,0.8,0.06399956188760833,-0.1557642555482811,0.35626491311545805,True
19.3,12.99296229771921,5.651808240937159,15.10970184286658,-0.0016262202303312164,0.05370418494998319,0.799988472005083,0.8,0.06399957945269936,-0.15754760516059366,0.3576115182042427,True
19.400000000000002,13.064193488189288,5.688429233053149,15.18983808277207,-0.001411933996025995,0.050438005907483936,0.7999889342097488,0.8,0.06399959631358237,-0.15875130827104791,0.35877329480247355,True
19.5,13.136513739335262,5.722854044959828,15.269974908636913,-0.0015096490096996578,0.04688317832393363,0.7999893778827003,0.8,0.06399961249848828,-0.15919473573476944,0.35970849934360094,True
19.6,13.209855064337047,5.75504898973635,15.350118647705436,-0.0019203786975014537,0.043171399239490704,0.7999898037669538,0.8,0.0639996280345161,-0.1587587961551836,0.3603781657200549,True
19.700000000000003,13.284142432848231,5.78499674164598,15.430275373206868,-0.0026295120904401836,0.03946323137636498,0.7999902125757345,0.8,0.06399964294767903,-0.15739045262624535,0.3607502716546114,True
19.8,13.359295594920003,5.812697290601832,15.510450809739202,-0.0036066209148150744,0.0359357598310745,0.7999906049936714,0.8,0.06399965726294721,-0.15507911305177563,0.3608034578894931,True
19.900000000000002,13.43523117453578,5.838168061941904,15.590650186365888,-0.004805991941021682,0.03277188825120719,0.7999909816779431,0.8,0.06399967100429015,-0.15185392305707443,0.36052961818507684,True
20.0,13.511864763720718,5.861443471538843,15.670878003076584,-0.00616755144995539,0.030152476388542904,0.7999913432593798,0.8,0.06399968419471601,-0.14777467195208957,0.3599353389176605,True
20.1,13.589112941761712,5.882573846622802,15.75113770031538,-0.0076182508400939875,0.02824892438041543,0.7999916903435181,0.8,0.06399969685631127,-0.14292638016339498,0.3590428062290066,True
20.200000000000003,13.66689507813177,5.9016238658744635,15.831431224745877,-0.009073760025904824,0.027218089918317145,0.7999920235116164,0.8,0.06399970901027678,-0.1374084637242882,0.35788976400855776,True
20.3,13.745134828565138,5.918670673808284,15.911758499888062,-0.01044033629760942,0.027197864384029297,0.7999923433216276,0.8,0.06399972067696338,-0.13130700583557348,0.35652912371876894,True
20.400000000000002,13.823761198073813,5.933802177826926,15.992116812034682,-0.011616387684471062,0.02830704226422492,0.799992650309134,0.8,0.06399973187590637,-0.1247035317523297,0.3550276206787067,True
20.5,13.902709231781383,5.947115620841551,16.07250013320734,-0.012493693496783571,0.030646978234971842,0.7999929449882439,0.8,0.06399974262585788,-0.11767759591170972,0.353464276482551,True
20.6,13.98192047639529,5.958716066090308,16.15289841121112,-0.012958697758565637,0.03430192224158468,0.799993227852453,0.8,0.06399975294481804,-0.11031017613614758,0.35192916071405433,True
20.700000000000003,14.06134321771091,5.968714826021746,16.233296851800358,-0.012893869315343563,0.039338907096563513,0.79999349937547,0.8,0.06399976285006594,-0.10268472206974791,0.35052219792774963,True
20.8,14.140932513365657,5.977227829762679,16.313675227134148,-0.012179157647623617,0.04580721516928385,0.7999937600120113,0.8,0.06399977235818753,-0.0948707317373877,0.3493519776355815,True
20.900000000000002,14.220650008906986,5.984374215272184,16.394007236410523,-0.010693275391279856,0.05373955819207622,0.7999940101985612,0.8,0.06399978148510398,-0.08693580435336007,0.3485342097722549,True
21.0,14.300463592449525,5.990275154101581,16.474259945584077,-0.008314816875120937,0.06315307090908667,0.7999942503541037,0.8,0.06399979024609832,-0.07894954482300826,0.34819037290605637,True
21.1,14.380346962368293,5.995052568126444,16.554393352526652,-0.004923562470384923,0.07404954087323132,0.7999944808808237,0.8,0.06399979865584084,-0.0709853079262866,0.3484463691178109,True
21.200000000000003,14.460279111397126,5.998827793501857,16.634344701301913,-0.0011722064981434244,0.06375167630134779,0.7999947021647811,0.8,0.06399980672841364,-0.0631210748477304,0.35516029994625775,True
21.3,14.540243745157236,6.001720199114621,16.71430933506202,0.0017201991146214013,0.05097293424143633,0.7999949145765567,0.8,0.0639998144773344,-0.05542916631006064,0.35830974918392455,True
21.400000000000002,14.620228650504025,6.003845920862511,16.79429424040881,0.0038459208625107877,0.03967878245754196,0.7999951184718732,0.8,0.06399982191557888,-0.047986062444503125,0.359470960245732,True
21.5,14.70022504883195,6.005316672064008,16.874290638736735,0.005316672064007655,0.029828219940236135,0.7999953141921909,0.8,0.0639998290556026,-0.040871914900230365,0.36088126377432916,True
21.6,14.780226965138644,6.006238428223901,16.95429255504343,0.0062384282239014155,0.021365481124246646,0.7999955020652795,0.8,0.0639998359093619,-0.03416847040234042,0.3624450357956606,True
21.700000000000003,14.860230624003519,6.006710114786022,17.034296213908306,0.00671011478602157,0.014219536810178703,0.7999956824057669,0.8,0.06399984248833347,-0.0280779239056285,0.3640794620872422,True
21.8,14.940233908209366,6.006820511648642,17.11429949811415,0.006820511648641947,0.008292462807025301,0.7999958555156664,0.8,0.06399984880353414,-0.022305785175136972,0.36572095290807893,True
21.900000000000002,15.020235810279477,6.006651467167499,17.194301400184262,0.006651467167499092,0.0034952644350361274,0.7999960216848823,0.8,0.06399985486553905,-0.01724580720664166,0.367311204962818,True
22.0,15.10023608030214,6.006276970236381,17.274301670206924,0.006276970236380741,-0.00027039839277846625,0.7999961811916951,0.8,0.06399986068449932,-0.012917866251794087,0.3686427260116483,True
22.1,15.180234905452393,6.005755901190164,17.35430049535718,0.005755901190164003,-0.0031421676588044836,0.7999963343032283,0.8,0.06399986627015926,-0.00926985764939892,0.3683114936264159,True
22.200000000000003,15.260232635891057,6.005136572273736,17.434298225795843,0.005136572273736206,-0.005254550076237534,0.7999964812758948,0.8,0.06399987163187235,-0.006237338575736206,0.3683045591746168,True
22.3,15.340229656163258,6.0044584327046,17.514295246068045,0.00445843270459978,-0.00673091491654154,0.7999966223558274,0.8,0.06399987677861718,-0.0037541712867722524,0.36854533222524344,True
22.400000000000002,15.420226317065733,6.003753201315504,17.59429190697052,0.003753201315504384,-0.007682176307866714,0.7999967577792899,0.8,0.06399988171901222,-0.0017554974421210522,0.36896890323422127,True
22.5,15.500222903532546,6.003045872467133,17.67428849343733,0.0030458724671333925,-0.008206765017983274,0.7999968877730737,0.8,0.06399988646133056,-0.0001792181494476624,0.36952095509613286,True
22.6,15.580219625133772,6.002355649749043,17.754285215038557,0.0023556497490426764,-0.00839101950002825,0.7999970125548767,0.8,0.06399989101351378,0.001033051491896779,0.370156647253891,True
22.700000000000003,15.660216619883995,6.0016968080952395,17.834282209788782,0.0016968080952395326,-0.008309805676648593,0.7999971323336688,0.8,0.0639998953831847,0.0019353592358340836,0.3708395238021507,True
22.8,15.740213964913842,6.001079480214955,17.914279554818627,0.0010794802149547422,-0.008027285122201328,0.7999972473100412,0.8,0.06399989957766083,0.0025770493162568316,0.3715404690178985,True
22.900000000000002,15.820211689744745,6.000510365146004,17.99427727964953,0.0005103651460043324,-0.007597776456093404,0.7999973576765427,0.8,0.0639999036039662,0.003002600984150118,0.3722367248273052,True
23.0,15.90020978953991,5.999993359069457,18.074275379444693,-6.640930543255763e-06,-0.0070666664880813836,0.7999974636180018,0.8,0.06399990746884326,0.003251628465837712,0.3728976976886512,True
23.1,15.980208236874294,5.999530110437724,18.15427382677908,-0.00046988956227611567,-0.006471336522111831,0.7999975653118369,0.8,0.06399991117876402,0.003359004934050653,0.3726107542836593,True
23.200000000000003,16.06020699136507,5.999120502908604,18.234272581269856,-0.0008794970913958977,-0.005842076791738433,0.7999976629283523,0.8,0.0639999147399413,0.0033550785453923455,0.3723875490814704,True
23.3,16.140206007017333,5.998763070601184,18.31427159692212,-0.0012369293988161445,-0.005202968522944912,0.7999977566310247,0.8,0.06399991815833846,0.0032659536207304916,0.37221948784815634,True
23.400000000000002,16.220205237442965,5.998455350862521,18.39427082734775,-0.0015446491374788707,-0.004572718681400992,0.799997846576776,0.8,0.06399992143968009,0.0031138146152760154,0.37209856500453603,True
23.5,16.300204639265626,5.99819418011932,18.47427022917041,-0.0018058198806798487,-0.003965437131605508,0.7999979329162366,0.8,0.06399992458946108,0.002917274622719019,0.37201743116975705,True
23.6,16.380204174081033,5.997975938542518,18.55426976398582,-0.00202406145748224,-0.0033913497933562822,0.7999980157939973,0.8,0.06399992761295617,0.002691733779721085,0.371969428412276,True
23.700000000000003,16.460203809336345,5.9977967492243565,18.63426939924113,-0.0022032507756435393,-0.002857444510529588,0.7999980953488519,0.8,0.06399993051522862,0.0024497360955284134,0.37194859967108684,True
23.8,16.540203518452707,5.997652637399999,18.71426910835749,-0.002347362600001013,-0.0023680488339359565,0.7999981717140293,0.8,0.06399993330113851,0.0022013159500038335,0.3719496780319315,True
23.900000000000002,16.62020328045943,5.997539654975724,18.794268870364217,-0.002460345024275945,-0.0019253408480493929,0.7999982450174167,0.8,0.0639999359753512,0.0019543278128054467,0.3719680607806554,True
24.0,16.70020307934922,5.997453975284014,18.874268669254004,-0.002546024715986306,-0.0015297956205879881,0.7999983153817737,0.8,0.06399993854234498,0.001714754672039634,0.3719997724290526,True
24.1,16.78020290330849,5.997391962597981,18.954268493213274,-0.002608037402018759,-0.001180570898475919,0.799998382924938,0.8,0.0639999410064187,0.001486992259587948,0.37204142023179987,True
24.200000000000003,16.860202743929126,5.997350220524266,19.03426833383391,-0.002649779475733638,-0.0008758363812751651,0.7999984477600228,0.8,0.06399994337169854,0.0012741074600842864,0.3720901450953663,True
24.3,16.940202595469348,5.997325622971365,19.114268185374133,-0.0026743770286348223,-0.0006130513343833475,0.799998509995606,0.8,0.0639999456421458,0.001078070327682983,0.3721435702259538,True
24.400000000000002,17.02020245420169,5.9973153309722385,19.194268044106476,-0.0026846690277615437,-0.00038919551276423076,0.7999985697359122,0.8,0.0639999478215623,0.0008999599442050142,0.3721997493749372,True
24.5,17.100202317864724,5.997316798235731,19.27426790776951,-0.002683201764268617,-0.00020095839850709695,0.7999986270809872,0.8,0.06399994991359804,0.0007401449665234108,0.3722571161157938,True
24.6,17.180202185220498,5.997327767917971,19.354267775125283,-0.0026722320820287138,-4.489165244359554e-05,0.7999986821268656,0.8,0.06399995192175634,0.0005984401600887238,0.3723144352231538,True
24.700000000000003,17.260202055710554,5.997346262747408,19.43426764561534,-0.002653737252591881,8.247052425206643e-05,0.7999987349657317,0.8,0.06399995384939995,0.0004742405264495933,0.3723217694268197,True
24.8,17.340201929198415,5.997370570308633,19.5142675191032,-0.0026294296913667026,0.00018451869918951122,0.7999987856860734,0.8,0.06399995569975715,0.00036663482981678816,0.3723157703832319,True
24.900000000000002,17.420201805784266,5.997399224992177,19.59426739568905,-0.002600775007823408,0.0002644990943089037,0.799998834372831,0.8,0.06399995747592663,0.0002745004327153161,0.37232067313456846,True
25.0,17.500201685677517,5.9974309878506205,19.674267275582302,-0.002569012149379546,0.0003254643072669368,0.7999988811075393,0.8,0.06399995918088276,0.00019658138240770848,0.3723343315735071,True
25.1,17.580201569113978,5.997464825365143,19.754267159018763,-0.0025351746348567517,0.0003702404947918205,0.7999989259684637,0.8,0.06399996081748076,0.00013155166438830657,0.3723548725080787,True
25.200000000000003,17.660201456306137,5.997499887919887,19.834267046210922,-0.002500112080112693,0.000401408011427554,0.7999989690307319,0.8,0.06399996238846137,7.806547081406409e-05,0.37238067981421924,True
25.3,17.74020134741697,5.997535488602742,19.914266937321756,-0.0024645113972576738,0.00042129285543694104,0.7999990103664594,0.8,0.0639999638964553,3.479623204483618e-05,0.3724103757213581,True
25.400000000000002,17.820201242549707,5.997571082798279,19.994266832454493,-0.0024289172017208926,0.0004319666159709281,0.79999905004487,0.8,0.06399996534398816,4.660383791349084e-07,0.3724428003795227,True
25.5,17.90020114174775,5.997606248909528,20.074266731652536,-0.0023937510904721293,0.00043525293692952573,0.7999990881324126,0.8,0.06399996673348382,-2.6133055347160356e-05,0.3724769906316612,True
25.6,17.980201045000513,5.9976406704377645,20.154266634905298,-0.0023593295622355015,0.0004327388099328724,0.7999991246928714,0.8,0.06399996806726925,-4.612449076936463e-05,0.3725121587191554,True
25.700000000000003,18.06020095225215,5.997674119561234,20.234266542156934,-0.002325880438766248,0.00042578927958211715,0.7999991597874733,0.8,0.06399996934757822,-6.05382238571374e-05,0.37254767148005075,True
25.8,18.140200863411227,5.997706442282481,20.314266453316012,-0.002293557717519157,0.00041556438792342764,0.7999991934749905,0.8,0.06399997057655468,-7.030623115827553e-05,0.37258303045617985,True
25.900000000000002,18.220200778360066,5.997737545157587,20.39426636826485,-0.002262454842412609,0.0004030374018163945,0.7999992258118388,0.8,0.06399997175625673,-7.626157080138181e-05,0.37261785320493523,True
26.0,18.300200696963078,5.997767383577067,20.474266286867863,-0.0022326164229333756,0.00038901355750471374,0.799999256852172,0.8,0.06399997288865994,-7.914019186489498e-05,0.37265185601162343,True
26.1,18.38020061907376,5.99779595153555,20.554266208978547,-0.0022040484644501035,0.0003741487223343761,0.7999992866479726,0.8,0.06399997397566073,-7.95848038024188e-05,0.37268483811681324,True
26.200000000000003,18.46020054454032,5.997823272804039,20.634266134445106,-0.002176727195960737,0.0003589675158589404,0.799999315249139,0.8,0.06399997501907939,-7.815022576897679e-05,0.3727166675077236,True
26.3,18.540200473209946,5.9978493934027695,20.71426606311473,-0.002150606597230542,0.0003438805533285114,0.799999342703569,0.8,0.06399997602066332,-7.530973336094315e-05,0.37274726827130844,True
26.400000000000002,18.620200404931953,5.997874375263298,20.79426599483674,-0.002125624736701859,0.0003292005757220861,0.7999993690572397,0.8,0.06399997698208996,-7.146200750853431e-05,0.37277660946738833,True
26.5,18.70020033955995,5.997898290964053,20.874265929464734,-0.0021017090359469748,0.0003151573140442505,0.7999993943542851,0.8,0.06399997790496922,-6.69383671927621e-05,0.37280469545108963,True
26.6,18.780200276953245,5.9979212194231675,20.95426586685803,-0.0020787805768325285,0.00030191100354071647,0.7999994186370697,0.8,0.06399997879084666,-6.201003476953852e-05,0.37283155755336894,True
26.700000000000003,18.86020021697766,5.997943242435095,21.034265806882445,-0.0020567575649046432,0.0002895645177078092,0.7999994419462592,0.8,0.06399997964120586,-5.689524052996657e-05,0.37285724701501355,True
26.8,18.94020015950591,5.997964441942445,21.114265749410695,-0.0020355580575550647,0.00027817413429577313,0.799999464320889,0.8,0.06399998045747078,-5.176602241687403e-05,0.3728818290619276,True
26.900000000000002,19.020200104417686,5.997984897941032,21.19426569432247,-0.0020151020589675994,0.00026775897763107385,0.7999994857984293,0.8,0.0639999812410086,-4.6754618265569844e-05,0.37290537800655554,True
27.0,19.100200051599515,5.9980046869237915,21.2742656415043,-0.0019953130762084825,0.00025830920506986503,0.7999995064148482,0.8,0.06399998199313124,-4.195938232585404e-05,0.3729279732609667,True
