stage,score,speed_kp,speed_ki,speed_kd,lateral_kp,lateral_ki,lateral_kd,heading_kp,derivative_tau_s,drive_min,drive_max,wheelbase_m,rear_axle_from_cg_m,steering_limit_rad
speed,0.2691481034775969,0.4,0.1,0.0,1.0,0.0,0.0,1.5,0.15,-0.3,0.35,0.33,0.132,0.7853981633974483
speed,0.2709054063081048,0.4,0.1,0.04,1.0,0.0,0.0,1.5,0.15,-0.3,0.35,0.33,0.132,0.7853981633974483
speed,0.22615278117087917,0.4,0.3,0.0,1.0,0.0,0.0,1.5,0.15,-0.3,0.35,0.33,0.132,0.7853981633974483
speed,0.24068802840244197,0.4,0.3,0.04,1.0,0.0,0.0,1.5,0.15,-0.3,0.35,0.33,0.132,0.7853981633974483
speed,0.20496274742530318,0.4,0.6,0.0,1.0,0.0,0.0,1.5,0.15,-0.3,0.35,0.33,0.132,0.7853981633974483
speed,0.21698531352506795,0.4,0.6,0.04,1.0,0.0,0.0,1.5,0.15,-0.3,0.35,0.33,0.132,0.7853981633974483
speed,0.22202955339057096,0.7,0.1,0.0,1.0,0.0,0.0,1.5,0.15,-0.3,0.35,0.33,0.132,0.7853981633974483
speed,0.22230853363572134,0.7,0.1,0.04,1.0,0.0,0.0,1.5,0.15,-0.3,0.35,0.33,0.132,0.7853981633974483
speed,0.16624258542283837,0.7,0.3,0.0,1.0,0.0,0.0,1.5,0.15,-0.3,0.35,0.33,0.132,0.7853981633974483
speed,0.17044756252218876,0.7,0.3,0.04,1.0,0.0,0.0,1.5,0.15,-0.3,0.35,0.33,0.132,0.7853981633974483
speed,0.15604339799524136,0.7,0.6,0.0,1.0,0.0,0.0,1.5,0.15,-0.3,0.35,0.33,0.132,0.7853981633974483
speed,0.16279592823359756,0.7,0.6,0.04,1.0,0.0,0.0,1.5,0.15,-0.3,0.35,0.33,0.132,0.7853981633974483
speed,0.20309859854757203,1.0,0.1,0.0,1.0,0.0,0.0,1.5,0.15,-0.3,0.35,0.33,0.132,0.7853981633974483
speed,0.2023033369850773,1.0,0.1,0.04,1.0,0.0,0.0,1.5,0.15,-0.3,0.35,0.33,0.132,0.7853981633974483
speed,0.16022981221330757,1.0,0.3,0.0,1.0,0.0,0.0,1.5,0.15,-0.3,0.35,0.33,0.132,0.7853981633974483
speed,0.15824372257345817,1.0,0.3,0.04,1.0,0.0,0.0,1.5,0.15,-0.3,0.35,0.33,0.132,0.7853981633974483
speed,0.13902548955373062,1.0,0.6,0.0,1.0,0.0,0.0,1.5,0.15,-0.3,0.35,0.33,0.132,0.7853981633974483
speed,0.14157587312651768,1.0,0.6,0.04,1.0,0.0,0.0,1.5,0.15,-0.3,0.35,0.33,0.132,0.7853981633974483
speed,0.18681244331776758,1.4,0.1,0.0,1.0,0.0,0.0,1.5,0.15,-0.3,0.35,0.33,0.132,0.7853981633974483
speed,0.18580868003538897,1.4,0.1,0.04,1.0,0.0,0.0,1.5,0.15,-0.3,0.35,0.33,0.132,0.7853981633974483
speed,0.15916830204373922,1.4,0.3,0.0,1.0,0.0,0.0,1.5,0.15,-0.3,0.35,0.33,0.132,0.7853981633974483
speed,0.15711363436215992,1.4,0.3,0.04,1.0,0.0,0.0,1.5,0.15,-0.3,0.35,0.33,0.132,0.7853981633974483
speed,0.13742728583173844,1.4,0.6,0.0,1.0,0.0,0.0,1.5,0.15,-0.3,0.35,0.33,0.132,0.7853981633974483
speed,0.1359639402453492,1.4,0.6,0.04,1.0,0.0,0.0,1.5,0.15,-0.3,0.35,0.33,0.132,0.7853981633974483
lateral,0.1159632914808395,1.4,0.6,0.0,0.4,0.0,0.0,0.8,0.15,-0.3,0.35,0.33,0.132,0.7853981633974483
lateral,0.11675022537878921,1.4,0.6,0.0,0.4,0.0,0.08,0.8,0.15,-0.3,0.35,0.33,0.132,0.7853981633974483
lateral,0.11794974942374552,1.4,0.6,0.0,0.4,0.0,0.2,0.8,0.15,-0.3,0.35,0.33,0.132,0.7853981633974483
lateral,0.12168888159834836,1.4,0.6,0.0,0.4,0.0,0.0,1.4,0.15,-0.3,0.35,0.33,0.132,0.7853981633974483
lateral,0.12254965004995833,1.4,0.6,0.0,0.4,0.0,0.08,1.4,0.15,-0.3,0.35,0.33,0.132,0.7853981633974483
lateral,0.12381472518463699,1.4,0.6,0.0,0.4,0.0,0.2,1.4,0.15,-0.3,0.35,0.33,0.132,0.7853981633974483
lateral,0.12845408767612596,1.4,0.6,0.0,0.4,0.0,0.0,2.0,0.15,-0.3,0.35,0.33,0.132,0.7853981633974483
lateral,0.12922822622907834,1.4,0.6,0.0,0.4,0.0,0.08,2.0,0.15,-0.3,0.35,0.33,0.132,0.7853981633974483
lateral,0.13039819812342454,1.4,0.6,0.0,0.4,0.0,0.2,2.0,0.15,-0.3,0.35,0.33,0.132,0.7853981633974483
lateral,0.094527403144285,1.4,0.6,0.0,0.8,0.0,0.0,0.8,0.15,-0.3,0.35,0.33,0.132,0.7853981633974483
lateral,0.09497086760861724,1.4,0.6,0.0,0.8,0.0,0.08,0.8,0.15,-0.3,0.35,0.33,0.132,0.7853981633974483
lateral,0.09568780513112524,1.4,0.6,0.0,0.8,0.0,0.2,0.8,0.15,-0.3,0.35,0.33,0.132,0.7853981633974483
lateral,0.09850891664484444,1.4,0.6,0.0,0.8,0.0,0.0,1.4,0.15,-0.3,0.35,0.33,0.132,0.7853981633974483
lateral,0.09906566197735678,1.4,0.6,0.0,0.8,0.0,0.08,1.4,0.15,-0.3,0.35,0.33,0.132,0.7853981633974483
lateral,0.09991203470626601,1.4,0.6,0.0,0.8,0.0,0.2,1.4,0.15,-0.3,0.35,0.33,0.132,0.7853981633974483
lateral,0.10322565508635746,1.4,0.6,0.0,0.8,0.0,0.0,2.0,0.15,-0.3,0.35,0.33,0.132,0.7853981633974483
lateral,0.10378565568832698,1.4,0.6,0.0,0.8,0.0,0.08,2.0,0.15,-0.3,0.35,0.33,0.132,0.7853981633974483
lateral,0.10461430464567463,1.4,0.6,0.0,0.8,0.0,0.2,2.0,0.15,-0.3,0.35,0.33,0.132,0.7853981633974483
lateral,0.08693281655070144,1.4,0.6,0.0,1.2,0.0,0.0,0.8,0.15,-0.3,0.35,0.33,0.132,0.7853981633974483
lateral,0.08720419149235932,1.4,0.6,0.0,1.2,0.0,0.08,0.8,0.15,-0.3,0.35,0.33,0.132,0.7853981633974483
lateral,0.08766675494895944,1.4,0.6,0.0,1.2,0.0,0.2,0.8,0.15,-0.3,0.35,0.33,0.132,0.7853981633974483
lateral,0.08984459308245134,1.4,0.6,0.0,1.2,0.0,0.0,1.4,0.15,-0.3,0.35,0.33,0.132,0.7853981633974483
lateral,0.09023969147588061,1.4,0.6,0.0,1.2,0.0,0.08,1.4,0.15,-0.3,0.35,0.33,0.132,0.7853981633974483
lateral,0.09085875825445222,1.4,0.6,0.0,1.2,0.0,0.2,1.4,0.15,-0.3,0.35,0.33,0.132,0.7853981633974483
lateral,0.09348772394984717,1.4,0.6,0.0,1.2,0.0,0.0,2.0,0.15,-0.3,0.35,0.33,0.132,0.7853981633974483
lateral,0.09390167725428467,1.4,0.6,0.0,1.2,0.0,0.08,2.0,0.15,-0.3,0.35,0.33,0.132,0.7853981633974483
lateral,0.0945231309406331,1.4,0.6,0.0,1.2,0.0,0.2,2.0,0.15,-0.3,0.35,0.33,0.132,0.7853981633974483
lateral_integral,0.08693281655070144,1.4,0.6,0.0,1.2,0.0,0.0,0.8,0.15,-0.3,0.35,0.33,0.132,0.7853981633974483
lateral_integral,0.08518043854778441,1.4,0.6,0.0,1.2,0.03,0.0,0.8,0.15,-0.3,0.35,0.33,0.132,0.7853981633974483
lateral_integral,0.08439946536100146,1.4,0.6,0.0,1.2,0.1,0.0,0.8,0.15,-0.3,0.35,0.33,0.132,0.7853981633974483
